{"X_translator": {"Hospital_type_code": {"a": 0, "b": 1, "c": 2, "d": 3, "e": 4, "f": 5, "g": 6}, "Hospital_region_code": {"X": 0, "Y": 1, "Z": 2}, "Department": {"TB & Chest disease": 0, "anesthesia": 1, "gynecology": 2, "radiotherapy": 3, "surgery": 4}, "Ward_Type": {"P": 0, "Q": 1, "R": 2, "S": 3, "T": 4, "U": 5}, "Ward_Facility_Code": {"A": 0, "B": 1, "C": 2, "D": 3, "E": 4, "F": 5}, "Type of Admission": {"Emergency": 0, "Trauma": 1, "Urgent": 2}, "Severity of Illness": {"Extreme": 0, "Minor": 1, "Moderate": 2}, "Age": {"0-10": 0, "11-20": 1, "21-30": 2, "31-40": 3, "41-50": 4, "51-60": 5, "61-70": 6, "71-80": 7, "81-90": 8, "91-100": 9}, "Bed Grade": {"0": 0, "1": 1, "2": 2, "3": 3, "4": 4}, "Hospital_code": {"1": 0, "2": 1, "3": 2, "4": 3, "5": 4, "6": 5, "7": 6, "8": 7, "9": 8, "10": 9, "11": 10, "12": 11, "13": 12, "14": 13, "15": 14, "16": 15, "17": 16, "18": 17, "19": 18, "20": 19, "21": 20, "22": 21, "23": 22, "24": 23, "25": 24, "26": 25, "27": 26, "28": 27, "29": 28, "30": 29, "31": 30, "32": 31}, "City_Code_Hospital": {"1": 0, "2": 1, "3": 2, "4": 3, "5": 4, "6": 5, "7": 6, "9": 7, "10": 8, "11": 9, "13": 10}, "City_Code_Patient": {"0": 0, "1": 1, "2": 2, "3": 3, "4": 4, "5": 5, "6": 6, "7": 7, "8": 8, "9": 9, "10": 10, "11": 11, "12": 12, "13": 13, "14": 14, "15": 15, "16": 16, "18": 17, "19": 18, "20": 19, "21": 20, "22": 21, "23": 22, "24": 23, "25": 24, "26": 25, "27": 26, "28": 27, "29": 28, "30": 29, "31": 30, "32": 31, "33": 32, "34": 33, "35": 34, "36": 35, "37": 36, "38": 37}}, "y_translator": {"0": "0-10", "1": "100+", "2": "11-20", "3": "21-30", "4": "31-40", "5": "41-50", "6": "51-60", "7": "61-70", "8": "71-80", "9": "81-90", "10": "91-100"}, "scale_translator": {"Available Extra Rooms in Hospital": {"standard_deviation": 1.3646201994983251, "mean": 3.1976271676119055}, "Visitors with Patient": {"standard_deviation": 3.111902813705039, "mean": 3.2840992595104854}, "Admission_Deposit": {"standard_deviation": 1181078.9164916168, "mean": 4880.749392346391}}, "data_order": ["Admission_Deposit", "Age", "Available Extra Rooms in Hospital", "Bed Grade", "City_Code_Hospital", "City_Code_Patient", "Department", "Hospital_code", "Hospital_region_code", "Hospital_type_code", "Severity of Illness", "Type of Admission", "Visitors with Patient", "Ward_Facility_Code", "Ward_Type"]}